<?xml version="1.0"?>
<doc>
    <assembly>
        <name>AccelAnalyzer</name>
    </assembly>
    <members>
        <member name="M:AccelAnalyzer.Api.Controllers.DebugController.SensorRateAsync">
            <summary>
            Measure the sensor rate.
            </summary>
        </member>
        <member name="M:AccelAnalyzer.Api.Controllers.DebugController.CalibrateAsync">
            <summary>
            Check frequency match
            </summary>
            <returns></returns>
        </member>
        <member name="M:AccelAnalyzer.Api.Controllers.DebugController.DisplayAsync">
            <summary>
            Display sensor data.
            </summary>
        </member>
        <member name="M:AccelAnalyzer.Api.Controllers.DebugController.MeasureNoiseAsync">
            <summary>
            Measure noise.
            </summary>
        </member>
        <member name="M:AccelAnalyzer.Api.Controllers.DebugController.ShowFiltersAsync">
            <summary>
            Show the effects of filters on data.
            </summary>
        </member>
        <member name="M:AccelAnalyzer.Api.Controllers.MeasurementController.AnalyzeNoiseAsync(System.String)">
            <summary>
            Run measurement
            </summary>
            <param name="name">Filename for generated results</param>
            <returns>Ok</returns>
        </member>
    </members>
</doc>
